[
  {
    "popularity": 513.305,
    "vote_count": 3131,
    "video": false,
    "poster_path": "/xBHvZcjRiWyobQ9kxBhO6B2dtRI.jpg",
    "id": 419704,
    "adult": false,
    "backdrop_path": "/5BwqwxMEjeFtdknRV792Svo0K1v.jpg",
    "original_language": "en",
    "original_title": "Ad Astra",
    "genre_ids": [
      18,
      878
    ],
    "title": "Ad Astra",
    "vote_average": 6.0,
    "overview": "The near future, a time when both hope and hardships drive humanity to look to the stars and beyond. While a mysterious phenomenon menaces to destroy life on planet Earth, astronaut Roy McBride undertakes a mission across the immensity of space and its many perils to uncover the truth about a lost expedition that decades before boldly faced emptiness and silence in search of the unknown.",
    "release_date": "2019-09-17"
  },
  {
    "popularity": 208.067,
    "vote_count": 3072,
    "video": false,
    "poster_path": "/aQvJ5WPzZgYVDrxLX4R6cLJCEaQ.jpg",
    "id": 454626,
    "adult": false,
    "backdrop_path": "/stmYfCUGd8Iy6kAMBr6AmWqx8Bq.jpg",
    "original_language": "en",
    "original_title": "Sonic the Hedgehog",
    "genre_ids": [
      28,
      35,
      878,
      10751
    ],
    "title": "Sonic the Hedgehog",
    "vote_average": 7.6,
    "overview": "Based on the global blockbuster videogame franchise from Sega, Sonic the Hedgehog tells the story of the world’s speediest hedgehog as he embraces his new home on Earth. In this live-action adventure comedy, Sonic and his new best friend team up to defend the planet from the evil genius Dr. Robotnik and his plans for world domination.",
    "release_date": "2020-02-12"
  },
  {
    "popularity": 182.687,
    "vote_count": 137,
    "video": false,
    "poster_path": "/plWcrWkuIPbNgQlIFwDr6jt2Mld.jpg",
    "id": 664413,
    "adult": false,
    "backdrop_path": "/gePCMmgv7r2DUO4pHZY2JE6fkKJ.jpg",
    "original_language": "pl",
    "original_title": "365 dni",
    "genre_ids": [
      18,
      10749
    ],
    "title": "365 Days",
    "vote_average": 5.3,
    "overview": "Laura, in order to save her relationship from falling apart, goes to Sicily, where she meets Massimo. A dangerous man, the head of a mafia family, kidnaps her and gives her 365 days to fall in love with him.",
    "release_date": "2020-02-07"
  },
  {
    "popularity": 229.296,
    "vote_count": 0,
    "video": false,
    "poster_path": "/mWOkjqqzWiaFC65i2nFuMzM9jne.jpg",
    "id": 668203,
    "adult": false,
    "backdrop_path": "/wuJpiGNGv7wLg52ONizLrOugYp9.jpg",
    "original_language": "en",
    "original_title": "Scary Movie 6",
    "genre_ids": [
      35,
      27,
      53
    ],
    "title": "Scary Movie 6",
    "vote_average": 0.0,
    "overview": "[RUMORED]  The sixth and final installment of the Scary Movie franchise that ignores the fifth film. A parody of Scream 4 and various other horror movies, sequels and reboots that were released between the late 2010's and 2020. Takes place 15 years after the fourth film.",
    "release_date": "2021-04-02"
  },
  {
    "popularity": 168.776,
    "vote_count": 3439,
    "video": false,
    "poster_path": "/y95lQLnuNKdPAzw9F9Ab8kJ80c3.jpg",
    "id": 38700,
    "adult": false,
    "backdrop_path": "/upUy2QhMZEmtypPW3PdieKLAHxh.jpg",
    "original_language": "en",
    "original_title": "Bad Boys for Life",
    "genre_ids": [
      28,
      80,
      53
    ],
    "title": "Bad Boys for Life",
    "vote_average": 7.2,
    "overview": "Marcus and Mike are forced to confront new threats, career changes, and midlife crises as they join the newly created elite team AMMO of the Miami police department to take down the ruthless Armando Armas, the vicious leader of a Miami drug cartel.",
    "release_date": "2020-01-15"
  },
  {
    "popularity": 157.818,
    "vote_count": 3302,
    "video": false,
    "poster_path": "/h4VB6m0RwcicVEZvzftYZyKXs6K.jpg",
    "id": 495764,
    "adult": false,
    "backdrop_path": "/uozb2VeD87YmhoUP1RrGWfzuCrr.jpg",
    "original_language": "en",
    "original_title": "Birds of Prey (and the Fantabulous Emancipation of One Harley Quinn)",
    "genre_ids": [
      28,
      35,
      80
    ],
    "title": "Birds of Prey (and the Fantabulous Emancipation of One Harley Quinn)",
    "vote_average": 7.2,
    "overview": "Harley Quinn joins forces with a singer, an assassin and a police detective to help a young girl who had a hit placed on her after she stole a rare diamond from a crime lord.",
    "release_date": "2020-02-05"
  },
  {
    "popularity": 172.29,
    "id": 443791,
    "video": false,
    "vote_count": 893,
    "vote_average": 6.4,
    "title": "Underwater",
    "release_date": "2020-01-08",
    "original_language": "en",
    "original_title": "Underwater",
    "genre_ids": [
      27,
      878,
      28,
      53
    ],
    "backdrop_path": "/ww7eC3BqSbFsyE5H5qMde8WkxJ2.jpg",
    "adult": false,
    "overview": "After an earthquake destroys their underwater station, six researchers must navigate two miles along the dangerous, unknown depths of the ocean floor to make it to safety in a race against time.",
    "poster_path": "/gzlbb3yeVISpQ3REd3Ga1scWGTU.jpg"
  },
  {
    "popularity": 203.71,
    "vote_count": 1848,
    "video": false,
    "poster_path": "/8WUVHemHFH2ZIP6NWkwlHWsyrEL.jpg",
    "id": 338762,
    "adult": false,
    "backdrop_path": "/ocUrMYbdjknu2TwzMHKT9PBBQRw.jpg",
    "original_language": "en",
    "original_title": "Bloodshot",
    "genre_ids": [
      28,
      878
    ],
    "title": "Bloodshot",
    "vote_average": 7.2,
    "overview": "After he and his wife are murdered, marine Ray Garrison is resurrected by a team of scientists. Enhanced with nanotechnology, he becomes a superhuman, biotech killing machine—'Bloodshot'. As Ray first trains with fellow super-soldiers, he cannot recall anything from his former life. But when his memories flood back and he remembers the man that killed both him and his wife, he breaks out of the facility to get revenge, only to discover that there's more to the conspiracy than he thought.",
    "release_date": "2020-03-05"
  },
  {
    "popularity": 153.039,
    "vote_count": 4169,
    "video": false,
    "poster_path": "/db32LaOibwEliAmSL2jjDF6oDdj.jpg",
    "id": 181812,
    "adult": false,
    "backdrop_path": "/jOzrELAzFxtMx2I4uDGHOotdfsS.jpg",
    "original_language": "en",
    "original_title": "Star Wars: The Rise of Skywalker",
    "genre_ids": [
      28,
      12,
      878
    ],
    "title": "Star Wars: The Rise of Skywalker",
    "vote_average": 6.5,
    "overview": "The surviving Resistance faces the First Order once again as the journey of Rey, Finn and Poe Dameron continues. With the power and knowledge of generations behind them, the final battle begins.",
    "release_date": "2019-12-18"
  },
  {
    "popularity": 136.85,
    "vote_count": 53,
    "video": false,
    "poster_path": "/dKgV8T3inB5EnVDg0Jeh2L6ttQ9.jpg",
    "id": 560044,
    "adult": false,
    "backdrop_path": "/9foQsz7j1o2pGCKFGkzlxJteE5W.jpg",
    "original_language": "en",
    "original_title": "The Willoughbys",
    "genre_ids": [
      16,
      35,
      10751
    ],
    "title": "The Willoughbys",
    "vote_average": 7.5,
    "overview": "When the four Willoughby children are abandoned by their selfish parents, they must learn how to adapt their Old-Fashioned values to the contemporary world in order to create something new: The Modern Family.",
    "release_date": "2020-04-22"
  },
  {
    "popularity": 149.438,
    "vote_count": 1422,
    "video": false,
    "poster_path": "/f4aul3FyD3jv3v4bul1IrkWZvzq.jpg",
    "id": 508439,
    "adult": false,
    "backdrop_path": "/xFxk4vnirOtUxpOEWgA1MCRfy6J.jpg",
    "original_language": "en",
    "original_title": "Onward",
    "genre_ids": [
      12,
      16,
      35,
      14,
      10751
    ],
    "title": "Onward",
    "vote_average": 8.0,
    "overview": "In a suburban fantasy world, two teenage elf brothers embark on an extraordinary quest to discover if there is still a little magic left out there.",
    "release_date": "2020-02-29"
  },
  {
    "popularity": 141.891,
    "vote_count": 3389,
    "video": false,
    "poster_path": "/bB42KDdfWkOvmzmYkmK58ZlCa9P.jpg",
    "id": 512200,
    "adult": false,
    "backdrop_path": "/oLma4sWjqlXVr0E3jpaXQCytuG9.jpg",
    "original_language": "en",
    "original_title": "Jumanji: The Next Level",
    "genre_ids": [
      12,
      35,
      14
    ],
    "title": "Jumanji: The Next Level",
    "vote_average": 6.9,
    "overview": "As the gang return to Jumanji to rescue one of their own, they discover that nothing is as they expect. The players will have to brave parts unknown and unexplored in order to escape the world’s most dangerous game.",
    "release_date": "2019-12-04"
  },
  {
    "popularity": 124.207,
    "vote_count": 265,
    "video": false,
    "poster_path": "/nygOUcBKPHFTbxsYRFZVePqgPK6.jpg",
    "id": 545609,
    "adult": false,
    "backdrop_path": "/1R6cvRtZgsYCkh8UFuWFN33xBP4.jpg",
    "original_language": "en",
    "original_title": "Extraction",
    "genre_ids": [
      28,
      18,
      53
    ],
    "title": "Extraction",
    "vote_average": 7.1,
    "overview": "Tyler Rake, a fearless mercenary who offers his services on the black market, embarks on a dangerous mission when he is hired to rescue the kidnapped son of a Mumbai crime lord…",
    "release_date": "2020-04-24"
  },
  {
    "popularity": 125.483,
    "vote_count": 9151,
    "video": false,
    "poster_path": "/qa6HCwP4Z15l3hpsASz3auugEW6.jpg",
    "id": 920,
    "adult": false,
    "backdrop_path": "/sd4xN5xi8tKRPrJOWwNiZEile7f.jpg",
    "original_language": "en",
    "original_title": "Cars",
    "genre_ids": [
      12,
      16,
      35,
      10751
    ],
    "title": "Cars",
    "vote_average": 6.8,
    "overview": "Lightning McQueen, a hotshot rookie race car driven to succeed, discovers that life is about the journey, not the finish line, when he finds himself unexpectedly detoured in the sleepy Route 66 town of Radiator Springs. On route across the country to the big Piston Cup Championship in California to compete against two seasoned pros, McQueen gets to know the town's offbeat characters.",
    "release_date": "2006-06-08"
  },
  {
    "popularity": 163.394,
    "vote_count": 415,
    "video": false,
    "poster_path": "/worCHasSOCQD4lvlQsBcBqRwghd.jpg",
    "id": 11026,
    "adult": false,
    "backdrop_path": "/hz4Tzv4jac2usrCpMUGJp4akkoK.jpg",
    "original_language": "en",
    "original_title": "Exorcist: The Beginning",
    "genre_ids": [
      27,
      9648,
      53
    ],
    "title": "Exorcist: The Beginning",
    "vote_average": 5.2,
    "overview": "Having lived through traumatizing events during WWII, Father Lankester Merrin takes a sabbatical from the Church to conduct archaeological excavations in British-administered East Africa. Merrin unearths an ancient Byzantine church believed have been built and then immediately buried to keep down evil from the crypt below. The natives are convinced that uncovering the church has unleashed a demon, and begin to violently clash with the British military troops. As the village rapidly disintegrates into chaos and war, Merrin must face-off with the demon which has taken possession of somebody close to him.",
    "release_date": "2004-08-20"
  },
  {
    "popularity": 107.537,
    "vote_count": 183,
    "video": false,
    "poster_path": "/zn7feouGPU8sELez4qvpp0EtgeQ.jpg",
    "id": 624808,
    "adult": false,
    "backdrop_path": "/v5HTiAa5VitMKkXs341TIwA9jhI.jpg",
    "original_language": "en",
    "original_title": "Love Wedding Repeat",
    "genre_ids": [
      35
    ],
    "title": "Love Wedding Repeat",
    "vote_average": 5.8,
    "overview": "While trying to make his sister's wedding day go smoothly, Jack finds himself juggling an angry ex-girlfriend, an uninvited guest with a secret, a misplaced sleep sedative, and the girl that got away in alternate versions of the same day.",
    "release_date": "2020-04-10"
  },
  {
    "popularity": 117.05,
    "vote_count": 11791,
    "video": false,
    "poster_path": "/udDclJoHjfjb8Ekgsd4FDteOkCU.jpg",
    "id": 475557,
    "adult": false,
    "backdrop_path": "/f5F4cRhQdUbyVbB5lTNCwUzD6BP.jpg",
    "original_language": "en",
    "original_title": "Joker",
    "genre_ids": [
      80,
      18,
      53
    ],
    "title": "Joker",
    "vote_average": 8.2,
    "overview": "During the 1980s, a failed stand-up comedian is driven insane and turns to a life of crime and chaos in Gotham City while becoming an infamous psychopathic crime figure.",
    "release_date": "2019-10-02"
  },
  {
    "popularity": 144.654,
    "vote_count": 858,
    "video": false,
    "poster_path": "/z4A6mFOLTMZAhCSPRyrtzG0SPbd.jpg",
    "id": 475303,
    "adult": false,
    "backdrop_path": "/6fkqwqLEcDZOEAnBBfKAniwNxtx.jpg",
    "original_language": "en",
    "original_title": "A Rainy Day in New York",
    "genre_ids": [
      35,
      10749
    ],
    "title": "A Rainy Day in New York",
    "vote_average": 6.6,
    "overview": "Two young people arrive in New York to spend a weekend, but once they arrive they're met with bad weather and a series of adventures.",
    "release_date": "2019-07-26"
  },
  {
    "popularity": 103.023,
    "vote_count": 427,
    "video": false,
    "poster_path": "/7W0G3YECgDAfnuiHG91r8WqgIOe.jpg",
    "id": 446893,
    "adult": false,
    "backdrop_path": "/qsxhnirlp7y4Ae9bd11oYJSX59j.jpg",
    "original_language": "en",
    "original_title": "Trolls World Tour",
    "genre_ids": [
      12,
      16,
      35,
      14,
      10402,
      10751
    ],
    "title": "Trolls World Tour",
    "vote_average": 7.7,
    "overview": "Queen Poppy and Branch make a surprising discovery — there are other Troll worlds beyond their own, and their distinct differences create big clashes between these various tribes. When a mysterious threat puts all of the Trolls across the land in danger, Poppy, Branch, and their band of friends must embark on an epic quest to create harmony among the feuding Trolls to unite them against certain doom.",
    "release_date": "2020-03-12"
  },
  {
    "popularity": 98.553,
    "vote_count": 2602,
    "video": false,
    "poster_path": "/8ZX18L5m6rH5viSYpRnTSbb9eXh.jpg",
    "id": 619264,
    "adult": false,
    "backdrop_path": "/3tkDMNfM2YuIAJlvGO6rfIzAnfG.jpg",
    "original_language": "es",
    "original_title": "El hoyo",
    "genre_ids": [
      18,
      878
    ],
    "title": "The Platform",
    "vote_average": 7.1,
    "overview": "A mysterious place, an indescribable prison, a deep hole. An unknown number of levels. Two inmates living on each level. A descending platform containing food for all of them. An inhuman fight for survival, but also an opportunity for solidarity…",
    "release_date": "2019-11-08"
  }
]